id,Name,Department,Salary,Country
1,Cynde Menicomb,Product Management,17582,United States
2,Lin Dumbreck,Product Management,27051,United Kingdom
3,Shoshanna Leyland,Engineering,62225,Canada
4,Netty Ruttgers,Accounting,88201,Canada
5,Rafi Harkness,Accounting,10713,United States
6,Sheridan Slimings,Research and Development,20066,United States
7,Loren Bau,Research and Development,70238,United States
8,Arlee Witts,Sales,77951,Canada
9,Dedie Cloy,Human Resources,78996,Canada
10,Leah Nicklin,Product Management,64036,Canada
11,Wanids Ballinghall,Business Development,73187,United States
12,Tabbie Michie,Accounting,10616,United States
13,Afton Alejo,Human Resources,78981,Canada
14,Margarette Ruecastle,Research and Development,13474,United States
15,Liliane Shillito,Legal,97217,United States
16,Janos Tune,Research and Development,58321,Canada
17,Mel Ferenczy,Business Development,18877,Canada
18,Rey Evett,Legal,44581,United States
19,Cookie Hansbury,Training,84783,United States
20,Michelina Covington,Training,79828,United States
21,Jourdain Early,Engineering,54351,United States
22,Lucina Duce,Marketing,33718,United States
23,Basile Castledine,Human Resources,25358,United States
24,Boris Dye,Research and Development,21531,United Kingdom
25,Cory Dingwall,Legal,68671,United States
26,Terry Julian,Accounting,15658,United States
27,Piotr Dagnall,Engineering,28426,Canada
28,Eleanora Espy,Sales,86066,Canada
29,Collen Bleasdille,Legal,98923,United States
30,Wolf Argue,Human Resources,36284,United States
31,Cleo Hamby,Training,82907,United States
32,Derril Roston,Training,65763,United States
33,Carleton Balasin,Research and Development,90469,Canada
34,Olin Dudmesh,Human Resources,13437,Canada
35,Coletta Tureville,Services,25088,United States
36,Meredith Allett,Legal,73355,Canada
37,Howard Badham,Accounting,59711,United States
38,Shantee Longmore,Business Development,46494,United States
39,Dalis Tarquini,Business Development,60044,United States
40,Zarah Gallo,Human Resources,68486,Canada
41,Sapphire Jenton,Support,30525,United States
42,Lauraine McTurley,Support,63840,United States
43,Waly Newe,Support,79208,Canada
44,Hobey Talby,Legal,45002,United States
45,Alica Halburton,Research and Development,76611,United States
46,Ilyse St. Quintin,Engineering,25312,United States
47,Paquito Trimme,Human Resources,55988,Canada
48,Lark Brightman,Marketing,13817,Australia
49,Cinda Lanchbury,Marketing,99778,Canada
50,Kirk Osbidston,Accounting,32247,Canada
51,Samaria Tuny,Marketing,41673,United States
52,Ragnar Critzen,Sales,65708,United States
53,Sosanna Castiello,Human Resources,90235,United States
54,Trumaine Size,Business Development,87004,United States
55,Phaidra Potier,Sales,27720,United States
56,Konstance Fretwell,Training,29543,United States
57,Farr Delacroux,Legal,14720,United States
58,Preston Farn,Training,35277,Canada
59,Demetria Cicchinelli,Support,22563,United States
60,Giles Whild,Research and Development,82512,United States
61,Reynolds Corkan,Services,92742,United States
62,Leonardo Seiffert,Human Resources,94619,United States
63,Patrice Ferrillo,Engineering,77769,Australia
64,Shirleen Hargroves,Product Management,51305,Canada
65,Hildegaard Drummond,Sales,82447,United States
66,Lotti Chastaing,Legal,72242,United States
67,Kelley Kinleyside,Training,47191,Canada
68,Tawnya Abbey,Product Management,51584,United States
69,Lynde Reolfo,Human Resources,96685,United States
70,Huberto Crocombe,Accounting,34402,United States
71,Bo Sives,Support,11137,Canada
72,Matt Haug,Support,74338,United States
73,Costanza Bothe,Business Development,76755,United States
74,Ira Brinkley,Business Development,23131,United States
75,Janaye Halbord,Marketing,94864,United States
76,Piggy Raubenheim,Legal,70217,Canada
77,Reg Todarini,Product Management,61235,United States
78,Bobbette Kinnane,Legal,55116,Canada
79,Tobey Linnett,Services,42417,United States
80,Carole Holywell,Product Management,58948,Canada
81,Robinet Yukhtin,Accounting,88083,United States
82,Matias Sired,Sales,99279,United States
83,Maddie Lesaunier,Marketing,70995,Canada
84,Roobbie Janney,Marketing,71672,Canada
85,Micah Bassom,Engineering,77874,Canada
86,Jewell Bosson,Legal,69927,United States
87,Danit Atlay,Legal,60779,United States
88,Alvin Danforth,Sales,85741,United States
89,Aharon Labuschagne,Business Development,49866,United States
90,Alexandros Withrop,Support,22724,Canada
91,Ransell Pecht,Marketing,75744,United States
92,Constantin Cathro,Human Resources,78691,United States
93,Rena Labrum,Product Management,12251,Canada
94,Lauren Lemmers,Product Management,38858,United States
95,Judy Titchener,Accounting,11375,Canada
96,Joycelin Mooreed,Training,37608,Canada
97,Lawton Coady,Support,60036,Canada
98,Cody Mattecot,Business Development,82639,United States
99,Cirilo Bloy,Engineering,10880,United States
100,Gerry Plaskitt,Marketing,57084,United States
101,Paule Saiens,Business Development,97570,United States
102,Gilberto Jowers,Accounting,96806,Canada
103,Pren Agget,Support,29909,Canada
104,Ronda Greason,Sales,69151,United States
105,Lev Charlwood,Marketing,39526,Canada
106,Giorgio Drinkhill,Training,69926,Canada
107,Thorin Aingell,Product Management,49842,United States
108,Jard Blaschke,Engineering,80983,United States
109,Shanna Stratford,Marketing,99966,Canada
110,Bennie Cordeix,Business Development,99010,United States
111,Geneva Ferras,Research and Development,32296,Canada
112,Aubert Adshead,Product Management,38807,United States
113,Veriee O'Flynn,Sales,96560,United States
114,Denis Luberto,Support,27082,Canada
115,Lavinia Steade,Product Management,69667,United States
116,Paige Deavall,Business Development,12896,United States
117,Elston Cadany,Research and Development,71689,Canada
118,Dalton Martinyuk,Training,61934,United States
119,Yvonne Dawkins,Business Development,75688,United States
120,Shurwood Carrane,Support,10837,United States
121,Ezri Millican,Training,21588,United Kingdom
122,Dionysus MacLucais,Training,59922,United States
123,Janie Soigne,Sales,57580,United States
124,Claude Simonnet,Marketing,91829,United States
125,Odessa Hurburt,Research and Development,28949,United States
126,Whit Hilldrop,Sales,57079,United States
127,Christye Corthes,Accounting,17027,United States
128,Kyle Brookwood,Engineering,98211,United States
129,Lothario Mengue,Legal,20565,United States
130,Chariot Yarr,Business Development,81341,Canada
131,Mortie Cabell,Support,59925,United States
132,Daile Ellson,Support,98059,United States
133,Niel Grime,Legal,27297,United States
134,Clarinda Bartolacci,Engineering,62109,United States
135,Imogen Donovan,Product Management,99975,United States
136,Clemmy Gors,Support,70291,Canada
137,Roby Cashley,Support,51293,Canada
138,Marlo Kaubisch,Services,22848,United States
139,Herve Orgen,Marketing,79398,United States
140,Remy Martineau,Product Management,62664,United States
141,Vernen Sedgemore,Human Resources,43225,United States
142,Claudia Babbage,Sales,88846,United States
143,Netty Pepperell,Accounting,57001,Canada
144,Juana Lapworth,Product Management,13713,United States
145,Ariela Hammerson,Marketing,56370,United States
146,Trey Struan,Services,20707,United States
147,Kris de Cullip,Services,81220,United States
148,Norah Brierton,Support,18736,United States
149,Haleigh Caudwell,Services,55775,United States
150,Thedric Bartleet,Business Development,83029,United States
151,Risa Bougourd,Legal,82760,United States
152,Isobel Woolam,Marketing,70230,United States
153,Bobby Crichmere,Services,12412,United States
154,Odette Cauldfield,Marketing,47159,United States
155,Mireielle Hellmer,Human Resources,39502,United States
156,Mirilla Badger,Engineering,95047,Canada
157,Ruy Acuna,Support,47569,United States
158,Bat Ladewig,Accounting,81707,United States
159,Hartwell Brithman,Engineering,69406,Canada
160,Mala Hewins,Marketing,68486,Canada
161,Kane Bosward,Marketing,17949,Canada
162,Margarette Botterill,Product Management,61258,Canada
163,Iona Tesoe,Business Development,40186,Canada
164,Sharyl Dytham,Services,20483,Canada
165,Pail Korpal,Research and Development,67635,Canada
166,Keeley Natalie,Legal,32803,Canada
167,Brade Friberg,Engineering,70068,United States
168,Janos Supple,Services,74655,United States
169,Vonni Mensler,Engineering,14353,Canada
170,Valry Astlet,Product Management,65942,United States
171,Shirleen Ardron,Support,39687,United States
172,Sterne Pales,Human Resources,54412,United States
173,Susy Barnett,Marketing,80387,Canada
174,Briant Braden,Research and Development,47180,Canada
175,Berenice Ebunoluwa,Product Management,72876,United States
176,Roderigo Leatherland,Marketing,43262,Canada
177,Marci Syce,Research and Development,71902,Canada
178,Tate Millins,Sales,67551,Canada
179,Rosalinda Inchbald,Legal,31432,United States
180,Maxwell Kingsnod,Support,68736,United States
181,Renelle Pond,Support,11846,United States
182,Grissel Buessen,Marketing,63821,United States
183,Ambrosius Egalton,Marketing,38072,Canada
184,Teirtza Shrubb,Human Resources,38929,United Kingdom
185,Kamilah Kenchington,Product Management,15431,United States
186,Melamie Chesher,Support,20732,Canada
187,Veronika Headingham,Research and Development,27124,Canada
188,Syman Brychan,Support,83365,United States
189,Harriet Wollers,Human Resources,91329,United States
190,Danell Moon,Legal,99795,United States
191,Ilaire Shippey,Engineering,62447,Canada
192,Annemarie Mordaunt,Research and Development,46876,United States
193,Cornie Demcak,Accounting,45500,United States
194,Averell Queree,Sales,32758,United States
195,Elenore Duinbleton,Business Development,72074,United States
196,Urban Pedley,Legal,44898,United States
197,Gussie Doeg,Research and Development,49770,United States
198,Ros Tomney,Human Resources,97248,Australia
199,Kial Gillio,Training,59473,United States
200,Darya Askie,Research and Development,53550,United States
201,Carlen Ximenez,Engineering,56647,United States
202,Millard Ebi,Sales,64365,United States
203,Morton Donson,Services,11069,United States
204,Bryna Beverstock,Business Development,15819,Canada
205,Josiah Dunstone,Training,54623,Canada
206,Clarie Clementet,Product Management,93801,United States
207,Raviv Farrar,Research and Development,97780,United States
208,Scotty Ovitts,Marketing,44551,United Kingdom
209,Packston Dawbury,Human Resources,52797,United States
210,Orion Brawn,Services,17280,United States
211,Candy McCarrick,Training,50968,United States
212,Ibbie Sarten,Product Management,12791,United States
213,Zak Deschlein,Support,52343,United States
214,Valida Benning,Product Management,95029,Canada
215,Sherie Bushby,Engineering,72727,United States
216,Waverley Haselgrove,Human Resources,28885,Canada
217,Freida Osman,Sales,81555,Canada
218,Cortie Nudds,Accounting,56521,United States
219,Corrina Janes,Legal,95973,United States
220,Alanna Torns,Legal,15489,Canada
221,Melesa Groven,Research and Development,68181,United States
222,Crystie Shearwood,Training,97457,United States
223,Abramo Billington,Product Management,80130,Canada
224,Nikki Normavill,Legal,56756,United States
225,Kristan Sanbrooke,Accounting,14347,United States
226,Nanny Langmuir,Legal,16449,Canada
227,Leonidas Jepson,Human Resources,74244,Canada
228,Cos Corss,Sales,90276,United States
229,Amber McIlwrath,Services,33478,Canada
230,Erminia Quadrio,Engineering,46484,United States
231,Kerrie Mirando,Legal,53922,United States
232,Clevie Samwell,Engineering,68236,United States
233,Zebadiah Daulby,Sales,93527,United States
234,Paule Hoovart,Services,59702,United States
235,Bride Buncher,Engineering,66037,Canada
236,Romona Dunford,Marketing,62445,United States
237,Burty Wenger,Business Development,63340,Canada
238,Davine Stopford,Training,58143,Canada
239,Briant Hobben,Sales,31711,Canada
240,Nonah Champness,Accounting,97790,United States
241,Deedee Watson,Product Management,31892,Canada
242,Gwyn Ismail,Product Management,91256,Canada
243,Lisbeth Casburn,Human Resources,15474,Canada
244,Felicio Bebb,Business Development,78870,Canada
245,Tiebout McBain,Training,45947,Canada
246,Anne-marie Badsey,Accounting,90705,United States
247,Helen-elizabeth Lorentz,Legal,94342,United Kingdom
248,Sherm Drust,Research and Development,75194,United States
249,Aymer Paulmann,Business Development,39870,United States
250,Hamlin Copin,Support,56945,United States
251,Joletta Ginnell,Legal,57272,United States
252,Ileane Duiguid,Services,33159,United States
253,Myra Lakeman,Accounting,94051,United States
254,Ingar Sides,Research and Development,74800,United States
255,Lonnard Beckitt,Training,50603,Canada
256,Gizela Headings,Sales,35641,United States
257,Zed Chadbourne,Marketing,11140,United States
258,Allie Calkin,Accounting,91389,Canada
259,Cary Cleever,Research and Development,12539,United States
260,Bruis Mugg,Sales,63878,Canada
261,Harmony Loughnan,Marketing,53618,United States
262,Marita Stretton,Human Resources,99469,United States
263,Ashley Ackred,Training,32723,Canada
264,Keri Lamers,Marketing,91539,Canada
265,Friedrich Raraty,Business Development,70135,Canada
266,Marijn Claige,Services,92839,United States
267,Pearce Larchiere,Support,35435,Canada
268,Bennett Boshell,Business Development,29260,Canada
269,Marchelle Brodway,Business Development,88741,United States
270,Marcellus Merrin,Services,24713,Canada
271,Siobhan Mallison,Human Resources,40900,Canada
272,Jamie Weins,Product Management,54871,Canada
273,Jacynth Carvil,Support,69103,United States
274,Corey Depport,Business Development,52457,Canada
275,Rodrigo Logesdale,Accounting,65472,United States
276,Walden Weir,Accounting,37044,United States
277,Thaxter Napton,Marketing,41149,Canada
278,Rufe Richie,Sales,43050,United States
279,Dame Castaner,Support,18688,United States
280,Barney Gascard,Sales,95409,United States
281,Brandi Klimkov,Training,11586,United States
282,Harry Gautrey,Accounting,47573,Canada
283,Gabrila Curzon,Marketing,89566,Canada
284,Tedra Hartwright,Research and Development,92447,United States
285,Waverley Harman,Training,23523,United States
286,Whittaker Fitzroy,Sales,48655,Canada
287,Dario Grimmett,Support,81042,Canada
288,Gustaf Hugill,Business Development,94543,United States
289,Kalle Ledford,Human Resources,59462,Canada
290,Noell Pycock,Engineering,56552,United States
291,Sharl Frays,Business Development,12317,United States
292,Gino Parkeson,Marketing,42743,Canada
293,Phylys MacGiany,Support,64333,United States
294,Alphonse Roubottom,Engineering,79005,United States
295,Jackie Milthorpe,Human Resources,16445,Canada
296,Ninnetta Pickervance,Sales,69011,Canada
297,Lawry Dewane,Services,68572,Canada
298,Edan Kennington,Marketing,52597,Canada
299,Collete Avison,Support,45822,United States
300,Cheslie Cornely,Human Resources,92459,United States
301,Kiley Blurton,Accounting,12207,United States
302,Elihu Frays,Human Resources,55909,United States
303,Vivyanne Penwright,Legal,81860,Canada
304,Gwendolyn Braham,Engineering,45930,Canada
305,Amalea Trownson,Marketing,83330,Canada
306,Yuma Andretti,Accounting,56040,Canada
307,Nahum Teodori,Legal,53948,United States
308,Arnuad Beauman,Research and Development,74965,United States
309,Felicio Crowche,Business Development,98973,United States
310,Ailee Proudman,Accounting,40331,Canada
311,Julian Whiffen,Research and Development,70686,United States
312,Deny Bettam,Services,82870,Canada
313,Lorin Yorkston,Product Management,29735,United States
314,Ranna Thunnercliffe,Services,18575,United States
315,Carmon Dohmann,Human Resources,10381,Canada
316,Lane Englefield,Sales,63962,United States
317,Christy Slocumb,Sales,70817,Canada
318,Ronald Levene,Support,35353,United States
319,Augustus Ciepluch,Engineering,66445,United States
320,Emlynn MacKissack,Accounting,65627,United States
321,Arch Weinham,Engineering,14296,United States
322,Fern Korfmann,Services,84909,United States
323,Bendick Scapens,Sales,65707,United States
324,Corella Fieldhouse,Services,34259,United States
325,Meagan Casham,Human Resources,76427,United States
326,Ashil Canham,Research and Development,78966,United Kingdom
327,Broddy Goold,Sales,74951,United States
328,Helli Levis,Accounting,77447,Canada
329,Anderson Saker,Product Management,64972,United States
330,Yehudit Chasmar,Accounting,62321,Canada
331,Coleen Admans,Research and Development,39559,United States
332,Faber Chard,Human Resources,95185,United States
333,Dean Thomasset,Support,36901,United Kingdom
334,Moira Naton,Business Development,61938,United States
335,Erie Limerick,Human Resources,86063,Canada
336,Janella Brittian,Sales,48272,Canada
337,Cristin Crudginton,Engineering,57930,Canada
338,Chery Rippingale,Accounting,13525,United States
339,Genni Langley,Accounting,32361,United States
340,Hannie Barrable,Research and Development,76555,United States
341,Dion Week,Engineering,96887,Canada
342,Dorris Broscombe,Product Management,33080,United States
343,Adan Hairsine,Accounting,88506,United States
344,Correy Kendell,Engineering,14103,United States
345,Kingsly Volett,Support,86234,United States
346,Clark Humes,Legal,27701,Canada
347,Dina Abelson,Research and Development,68672,United States
348,Giovanni McLeod,Services,56001,Canada
349,Celestine Casaccio,Marketing,24505,United Kingdom
350,Clayborne Hanton,Support,16061,United Kingdom
351,Dallon Berthouloume,Accounting,23191,Australia
352,Brant Kassman,Business Development,48033,Canada
353,Ardra Bridgeland,Research and Development,25284,United States
354,Genna Abbie,Accounting,18529,United States
355,Bertram Collecott,Training,71926,United States
356,Bernhard Spincks,Accounting,95763,Canada
357,Gretal Million,Support,42083,United States
358,Kamila Delooze,Support,69283,United States
359,Tabbie Hirth,Business Development,96259,United States
360,Emylee Monday,Engineering,91845,United States
361,Torin Campey,Support,68478,United Kingdom
362,Fianna Jezard,Product Management,74444,United States
363,Haslett Sawkin,Sales,26528,United States
364,Lonni Romagosa,Research and Development,39894,United States
365,Gigi Marshman,Training,14135,United States
366,Julianne List,Marketing,39959,United States
367,Elsie Fearby,Human Resources,51600,United States
368,Cristy Englishby,Legal,81695,Canada
369,Tyrone Tollemache,Training,25907,United States
370,Loraine Dorling,Legal,54210,Canada
371,Polly Ragles,Support,17068,United States
372,Shaylynn Artois,Support,50754,Canada
373,Tanny Brownfield,Engineering,21767,United States
374,Meris Bautiste,Research and Development,62439,United States
375,Gerty Huriche,Business Development,71120,United States
376,Lanita Lovegrove,Product Management,95309,United States
377,Juieta Andrieu,Training,49207,United States
378,Almeta Meneghi,Business Development,46823,United States
379,Alikee Josh,Training,23564,United States
380,Cyndi Brugh,Sales,71239,Canada
381,Amandy Lockton,Services,96567,Canada
382,Grady Beeson,Human Resources,23789,United States
383,Anthe Le Prevost,Legal,91792,United States
384,Anitra Sabey,Product Management,68354,Canada
385,Drud Polo,Sales,74361,Canada
386,Cort Forsdicke,Support,36028,United States
387,Sheila-kathryn Jinks,Marketing,68963,United States
388,Nathaniel Casperri,Engineering,66156,United States
389,Halsey Parry,Support,10849,United States
390,Alex Pitone,Sales,35128,United States
391,Josefina Stit,Engineering,35102,United States
392,Nicolea Bowbrick,Human Resources,17811,Canada
393,Steffi Myring,Research and Development,60122,United States
394,Tove Gremane,Engineering,70621,Canada
395,Pepita Epinay,Research and Development,43734,United States
396,Jessalin Culbert,Legal,50573,Australia
397,Erskine Presdee,Human Resources,98515,United States
398,Carie Ottiwill,Engineering,34963,Canada
399,Amabel Meindl,Research and Development,75496,United States
400,Chad Dykes,Legal,12853,United States
401,Leona Ballsdon,Legal,29799,Canada
402,Bud Hanbidge,Research and Development,28063,United States
403,Izzy Flanigan,Research and Development,13757,United States
404,Benoit Portriss,Human Resources,13031,United States
405,Ericka Agostini,Research and Development,85366,Canada
406,Nolly Cocher,Support,44320,United States
407,Raddy Girvin,Engineering,89226,Canada
408,Bertha McCullough,Support,45404,United States
409,Delly Curtis,Marketing,82479,United States
410,Corri Derby,Product Management,82418,United States
411,Kris Heningham,Accounting,28568,Canada
412,Mayor Suff,Marketing,73368,United States
413,Alonso Mulligan,Sales,70026,United States
414,Ned Thrasher,Research and Development,15243,Canada
415,Vannie Worledge,Human Resources,95159,United States
416,Gwen Sambeck,Training,84366,United States
417,Jackie Vassar,Services,53318,Canada
418,Annis Castrillo,Business Development,85392,Canada
419,Dionisio Ervin,Sales,26323,United States
420,Sarajane Geikie,Support,44000,United States
421,Morgun Brimblecombe,Training,33674,United States
422,Geri Yitzhok,Training,88609,United Kingdom
423,Elle Blazeby,Engineering,84091,United States
424,Maximo Fardy,Accounting,35210,United States
425,Heloise Bidgood,Sales,40375,United States
426,Zacharie Town,Marketing,74474,United States
427,Milty Themann,Human Resources,96211,United States
428,Tana Coarser,Human Resources,35931,United States
429,Esta Segges,Human Resources,37774,United States
430,Rania Jencken,Engineering,48041,United States
431,Valaria Zannutti,Product Management,20696,United States
432,Brina Casaccio,Sales,12869,United States
433,Stafani Wilder,Legal,50395,Canada
434,Giulia McNaught,Legal,47153,United States
435,Hayward Rulton,Research and Development,28580,Canada
436,Doralia Gawkes,Marketing,52260,Canada
437,Bancroft Haliburn,Business Development,76025,Canada
438,Morie Maddaford,Product Management,50320,United Kingdom
439,Florentia Findlater,Marketing,77128,United States
440,Marilee Haycox,Legal,51385,United States
441,Jeanna Rings,Human Resources,27477,Canada
442,Tarrance Hatwell,Business Development,32964,Canada
443,Marjory Renne,Research and Development,88538,Canada
444,Ania Lankester,Services,86119,United States
445,Tania Tingly,Research and Development,40531,Canada
446,Elianora Arangy,Legal,37002,United States
447,Sandye Micheli,Training,21922,United States
448,Joana Clink,Services,85797,Australia
449,Nedda Stanley,Product Management,31564,United Kingdom
450,Esther Castellino,Sales,25308,United States
451,Teri Arundel,Accounting,83082,United States
452,Baldwin Ccomini,Training,99427,Canada
453,Elwyn Lequeux,Human Resources,51662,Canada
454,Rogers Seaman,Marketing,63678,United States
455,Meryl Vowells,Human Resources,79066,United States
456,Tandi McInerney,Product Management,99148,Canada
457,Zora Bene,Services,46227,United States
458,Saunders Goble,Engineering,28034,United Kingdom
459,Chet Grinham,Business Development,56339,United Kingdom
460,Tripp Budcock,Engineering,97579,United States
461,Linnet Bierman,Business Development,19604,United States
462,Leonard Hartfield,Legal,55317,United States
463,Matt Windrum,Marketing,64556,United States
464,Leese Demkowicz,Marketing,53803,Canada
465,Chaddie Loach,Support,38268,United States
466,Silas Antonucci,Training,36413,United States
467,Alastair Verrillo,Services,48797,Australia
468,Jilly Walbrun,Human Resources,59671,United States
469,Franky Menco,Support,30539,United States
470,Jaime Darlow,Research and Development,71591,Canada
471,Dacey Mintrim,Human Resources,53785,United States
472,Moises Slowgrove,Training,86934,United States
473,Smith Fones,Support,53992,United States
474,Lilli McTrustam,Sales,35667,Canada
475,Alfy Aldam,Sales,61874,United States
476,Lauree Fibbit,Product Management,37457,United Kingdom
477,Lisabeth Androli,Sales,81584,Canada
478,Ailina Kuschek,Support,50850,Canada
479,Maynard Welden,Accounting,18049,United States
480,Shell Josupeit,Support,63252,United States
481,Godiva Whines,Business Development,24979,Canada
482,Karita Dopson,Product Management,30705,United States
483,Kenny Muggleton,Accounting,85573,United States
484,Robyn Nekrews,Human Resources,76845,United States
485,Myrtice Ferraretto,Training,56579,Canada
486,Auberon Mitham,Product Management,57240,United States
487,Kalle Nielson,Legal,63550,United States
488,Thomasa Akess,Services,45412,United States
489,Austin Aiskrigg,Sales,83225,United Kingdom
490,Heath Boughtwood,Business Development,76362,United States
491,Laurens D'Ambrogio,Accounting,93630,Canada
492,Eleni Houchin,Business Development,73249,Canada
493,Durante Judkin,Product Management,80826,United States
494,Gilligan Barnicott,Product Management,97663,Canada
495,Merridie Mewett,Accounting,61018,United States
496,Maggie Beekmann,Marketing,78408,United States
497,Meggy Thatcham,Research and Development,85906,Canada
498,Winfred Bardell,Engineering,92775,United States
499,Sibel Buer,Engineering,39684,United States
500,Jacenta Savidge,Accounting,62869,United States
501,Kory Took,Marketing,39802,Canada
502,Mady Everist,Engineering,71643,United States
503,Loralie Dominighi,Sales,74045,United States
504,Worden Sallter,Human Resources,10535,United States
505,Bettine Bumpas,Product Management,73446,United States
506,Zorine Chittey,Support,48146,Canada
507,Ayn Schonfeld,Services,84931,United States
508,Willdon Maccaddie,Sales,94542,Australia
509,Teodoro Blincow,Research and Development,87774,Canada
510,Aveline Spink,Research and Development,40094,United States
511,Ferdie Hellard,Marketing,34353,United States
512,Rasla Carvell,Training,23529,Canada
513,Bobina Panswick,Business Development,17263,Canada
514,Alejoa MacGeffen,Human Resources,16528,Canada
515,Douglas Gregorin,Engineering,28662,United States
516,Dud Botterell,Business Development,76199,United Kingdom
517,Luigi Skene,Business Development,50228,United States
518,Darby Seemmonds,Marketing,57461,Canada
519,Lilias Roggero,Research and Development,20940,United Kingdom
520,Meredith Siggery,Business Development,73594,United States
521,Cynthia Davidge,Accounting,33193,United States
522,Nanci Gerard,Research and Development,28462,Canada
523,Trudi Livock,Engineering,33822,Canada
524,Allene Verlinde,Business Development,78773,Canada
525,Cori Pithcock,Marketing,26205,United States
526,Donaugh Collett,Support,77880,United States
527,Ingunna Shardlow,Services,88955,United Kingdom
528,Annelise Kiely,Research and Development,59176,Canada
529,Debbie Hamments,Sales,18753,United States
530,Alexandre Hollier,Legal,84973,United States
531,Penni Kaveney,Marketing,24184,United States
532,Sheffy Durker,Research and Development,97423,Canada
533,Hubert Agneau,Marketing,20577,United States
534,Jade Wank,Marketing,91510,Canada
535,Harlie Sacher,Business Development,73437,United States
536,Katherine Swanne,Legal,88410,United States
537,Sherill Domelaw,Accounting,84887,United States
538,Jacinthe Gutierrez,Engineering,78054,Canada
539,Otho Terbrugge,Legal,45676,Canada
540,Annabel Bourthouloume,Business Development,48143,United States
541,Evvie Nabbs,Business Development,45258,United States
542,Farly Woodberry,Marketing,93267,United States
543,Dorella Calvey,Engineering,67636,Canada
544,Ermengarde Gemlett,Support,32483,United Kingdom
545,Inglebert Klauber,Research and Development,43360,United States
546,Gabriello Lockley,Engineering,93091,Canada
547,Constancia Aubrun,Support,35526,United States
548,Gilberte Verrall,Legal,51563,United States
549,Salaidh Grinaugh,Business Development,19196,United States
550,Kevyn Bischop,Sales,43586,United States
551,Hana Kettlestring,Accounting,66728,United States
552,Matelda Rawdales,Human Resources,71296,Canada
553,Porty Plaster,Training,25856,Canada
554,Myrvyn Weall,Services,83470,United States
555,Jerri McCullogh,Human Resources,16868,United States
556,Lev Burkman,Training,20038,Australia
557,Ardella Pattisson,Human Resources,19706,United States
558,Hakim Lapree,Accounting,14192,Canada
559,Ronda Husk,Engineering,15302,United States
560,Jerrie Pariss,Human Resources,43611,Canada
561,Brandon Trevna,Marketing,34023,Canada
562,Brigg Vanderplas,Marketing,91178,United Kingdom
563,Ruperto Rigmand,Human Resources,97096,India
564,Vonny Dennis,Support,16105,Canada
565,Albie MacLice,Services,78250,Canada
566,Georg Andryushchenko,Marketing,65701,Canada
567,Blithe Okeshott,Marketing,64387,United States
568,Albrecht Holbarrow,Training,93329,United States
569,Austina Jzak,Human Resources,14964,Canada
570,Billi Filpi,Services,58111,Canada
571,Jody Winteringham,Services,49053,Canada
572,Gwendolin Heims,Training,85459,United States
573,Germaine Elbourne,Engineering,50827,United Kingdom
574,Adelina Witcher,Research and Development,72835,United States
575,Gerrard Bramstom,Human Resources,31330,United States
576,Brody Fifoot,Human Resources,31740,United States
577,Moselle Decruse,Services,40999,United States
578,Datha Brunotti,Accounting,81564,Canada
579,Katrina Kinnoch,Legal,20396,Canada
580,Latisha Secombe,Accounting,25766,United States
581,Justinn Paoloni,Services,18173,Canada
582,Jaquelin Docker,Human Resources,26177,United Kingdom
583,Dode Durward,Business Development,76935,Canada
584,Granny Batie,Business Development,71845,Canada
585,Blayne Duckers,Engineering,82647,United Kingdom
586,Oralie Leere,Support,41555,United States
587,Leilah Jefferies,Accounting,90441,Canada
588,Samson Sandaver,Services,70523,United States
589,Chan Rillett,Accounting,56578,United States
590,Shandy Huller,Accounting,54403,United States
591,Samuele Audiss,Services,64841,United States
592,Gerik Pescott,Product Management,16430,Canada
593,Merill Leneve,Sales,96726,Canada
594,Jobie McReidy,Support,64578,United States
595,Jenny Pipe,Marketing,26854,United States
596,Morrie Ellwood,Human Resources,56783,Canada
597,Beau Varnham,Engineering,59998,United States
598,Thia Bentinck,Engineering,85358,Canada
599,Nelly Greenrodd,Training,29011,United States
600,Melly Vido,Sales,94091,United States
601,Quintina Kees,Product Management,76780,Canada
602,Obediah Preto,Training,24445,Canada
603,Consalve Bohl,Marketing,87957,United States
604,Giovanni Creasey,Legal,41776,United States
605,Arluene Tripean,Marketing,70245,United Kingdom
606,Aldric McArdle,Product Management,94983,Canada
607,Karylin O'Clery,Legal,54670,United States
608,Harland Stebbings,Sales,96423,United States
609,Cassie Whittlesee,Human Resources,81421,Canada
610,Charyl Segrave,Training,58998,United States
611,Janice Adelsberg,Research and Development,28315,Canada
612,Tish Huelin,Legal,10312,United States
613,Boniface Eunson,Business Development,42321,United States
614,Debi Donet,Engineering,55253,Canada
615,Creighton Downs,Business Development,64766,United States
616,Killie Cafferty,Engineering,82458,United States
617,Paton Senett,Human Resources,31508,United Kingdom
618,Taber Crofthwaite,Research and Development,73545,Canada
619,Chariot Roskelly,Human Resources,34041,United States
620,Dorree Pettus,Product Management,32475,Canada
621,Emilio Aspital,Accounting,58072,United States
622,Mellicent Hurry,Support,33403,United States
623,Alan Housiaux,Services,65130,United States
624,Paula Lotte,Sales,87605,United States
625,Robinet Lougheid,Training,71338,Canada
626,Aurthur Uc,Support,17714,Canada
627,Germayne Dollman,Accounting,79288,Canada
628,Standford Guidoni,Sales,59742,Canada
629,Babb Cudd,Business Development,79039,United States
630,Ardeen Oylett,Accounting,67266,United States
631,Adrianna Haseldine,Training,14074,United States
632,Ilene Bonehill,Human Resources,22650,Canada
633,Kiley Upcott,Human Resources,38518,United States
634,Wynnie Dodsley,Legal,81319,United Kingdom
635,Chloris McGloughlin,Legal,23418,United States
636,Abby Paz,Marketing,84766,United States
637,Deedee Creaser,Support,33721,Canada
638,Elie Faucett,Business Development,15848,United Kingdom
639,Feliza Levis,Business Development,96439,Canada
640,Gerianna Tulloch,Sales,85693,United Kingdom
641,Joice Aldersley,Engineering,20133,United States
642,Towny Luffman,Legal,85874,United States
643,Denis Gronauer,Research and Development,85536,United States
644,Dwain Dossett,Accounting,11307,United States
645,Thomasine Burgen,Research and Development,64741,United States
646,Bell Hurne,Sales,46227,United States
647,Charmaine Rickeard,Marketing,46884,Canada
648,Stewart Eich,Accounting,70726,United States
649,Nananne Shorton,Business Development,31448,United States
650,Dot Geater,Human Resources,97945,United States
651,Alaine Dulieu,Marketing,95241,Canada
652,Kelci Trevor,Services,81537,Canada
653,Crissy Immer,Sales,55377,United States
654,Brannon Daburn,Human Resources,83049,United States
655,Germain Bestiman,Support,11988,Canada
656,Matthaeus Barnet,Business Development,62940,United States
657,Rasia Davidove,Legal,53126,Australia
658,Layla Jaksic,Legal,70030,Canada
659,Alleyn Bartolomieu,Engineering,73628,United States
660,Chan Kenright,Marketing,78364,Canada
661,Arvie Brettor,Product Management,21162,United States
662,Lorrie Kellick,Product Management,17504,United States
663,Boothe Brushneen,Support,48195,Canada
664,Michelina Crinion,Business Development,75912,Canada
665,Jayne Lapwood,Research and Development,27559,United States
666,Svend Heine,Marketing,68320,Canada
667,Kaspar Ishaki,Support,34812,United States
668,Julius Mattinson,Business Development,32240,Canada
669,Hodge Connow,Product Management,33153,United States
670,Bax Gibbeson,Product Management,46420,United States
671,Archy Bloore,Support,76104,United Kingdom
672,Judd Likly,Engineering,32009,United States
673,Brittni Stappard,Services,29756,Canada
674,Kristyn Vereker,Training,65785,United States
675,Timmie Grovier,Sales,58505,Canada
676,Weylin Tremelling,Research and Development,88942,United States
677,Kayne Beddie,Legal,57197,Canada
678,Xerxes Boness,Services,86906,United States
679,Gunilla Libero,Business Development,76650,Canada
680,Bern Winterton,Training,75487,United States
681,Job Le-Good,Support,82000,United States
682,Grier Trattles,Research and Development,15585,United States
683,Zacharia Lannin,Sales,34637,United States
684,Kellie Mumford,Accounting,50230,Canada
685,Ermina Bysaker,Marketing,42160,Canada
686,Lorne Cass,Support,53412,Canada
687,Zena Borth,Training,53275,Canada
688,Edithe De Marchi,Support,36781,United States
689,Cherice Vaneev,Services,81011,United Kingdom
690,Roselia Maciunas,Human Resources,58591,United States
691,Garwood Tremathick,Engineering,73369,United States
692,Myer Deschelle,Services,80403,Canada
693,Earvin Levison,Accounting,98387,Canada
694,Consalve Frackiewicz,Product Management,33798,United States
695,Laurence Maxworthy,Marketing,70472,Canada
696,Carmencita Parvin,Research and Development,18249,United States
697,Ernst Woolston,Support,20919,United States
698,Claudius Peracco,Legal,76008,United States
699,Krispin Eggerton,Marketing,99042,United States
700,Rube Limpkin,Research and Development,15580,United States
701,Carmine Clapston,Human Resources,16556,United States
702,Analise Spadeck,Sales,56850,United States
703,Eddie Jacobsz,Services,19682,United States
704,Syman Dillaway,Engineering,78082,Canada
705,Dorie Semeradova,Marketing,46332,Canada
706,Gaile Bohills,Marketing,16551,Canada
707,Giuseppe Ascroft,Human Resources,45133,Australia
708,Kenny Braxton,Legal,52824,United States
709,Melonie Diviny,Services,64899,Canada
710,Rafa Yelland,Accounting,45180,United States
711,Shurlock Halkyard,Engineering,15544,United States
712,Francene Ashtonhurst,Engineering,91017,United States
713,Jillene Haggerty,Marketing,87361,United States
714,Coraline Copello,Research and Development,83018,United States
715,Melodie Maro,Support,68043,United States
716,Stephine Merkle,Training,24206,United States
717,Zilvia Lambin,Accounting,28078,Canada
718,Lucien O'Farris,Legal,40840,United States
719,Margarete Cheshire,Marketing,59471,Australia
720,Nonnah Blase,Product Management,18549,United States
721,Angy Domingues,Product Management,74304,United States
722,Carolann Spire,Engineering,72900,United States
723,Eugenia Gerold,Legal,60412,Canada
724,Katheryn Took,Marketing,75153,Canada
725,Clari Salatino,Services,79238,Canada
726,Dorita Crenshaw,Human Resources,92916,Australia
727,Tiphany Ruckhard,Engineering,10353,Canada
728,Molly Mingus,Accounting,18876,Canada
729,Lesli Catherall,Legal,66683,United States
730,Gannon Service,Training,89650,United States
731,Horatio Sillis,Research and Development,27177,United States
732,Kerrie Matiebe,Sales,84332,United States
733,Nappy Gerler,Human Resources,89491,Canada
734,Consolata Mumford,Product Management,45827,United States
735,Lilli Beecham,Marketing,89788,United States
736,Monroe Gianelli,Product Management,14807,Canada
737,Borden Barttrum,Engineering,94831,Canada
738,Rina Bicker,Support,13005,United States
739,Shandy McClaurie,Accounting,31814,Canada
740,Mirabel Fibbitts,Engineering,60046,United States
741,Johnathan Menhci,Research and Development,64045,United States
742,Carver Cohen,Research and Development,87278,United States
743,Salli Caddan,Support,84993,United States
744,Novelia Larkkem,Business Development,72211,United States
745,Darleen Taborre,Business Development,97506,Canada
746,Ethyl Golson,Human Resources,58689,United States
747,Filmer Seeks,Accounting,62655,United States
748,Gill Trouel,Services,24295,United States
749,Henriette Bonde,Business Development,88063,United States
750,Jard Thoma,Business Development,44688,United States
751,Edmund Gundrey,Marketing,68634,United States
752,Krista Hall,Research and Development,77175,United States
753,Bettine Marthen,Business Development,96501,Canada
754,Kenny Marginson,Product Management,46348,Canada
755,Hyman Thewles,Marketing,46457,Canada
756,Codee Coulton,Engineering,12768,United States
757,Donnie Kuhnwald,Human Resources,60403,United States
758,Lynnet Chiene,Legal,30107,United States
759,Roi Handke,Business Development,90187,United States
760,Karilynn Chamley,Support,50298,United States
761,Imelda Willwood,Human Resources,80500,United States
762,Winnah Treagus,Engineering,66709,United States
763,Darrin Euplate,Training,16824,Canada
764,Conant Slograve,Services,93516,Canada
765,Wilma Greve,Legal,89313,United States
766,Falito Strut,Accounting,72056,Canada
767,Mahala Cinderey,Legal,14620,United States
768,Inesita Insole,Support,90886,Canada
769,Donnie Bakhrushkin,Training,67666,Canada
770,Walton Gabbott,Accounting,72388,United States
771,Tannie Juschka,Training,20051,United States
772,Dalt Robinett,Marketing,21666,Canada
773,Briny Drewe,Research and Development,57310,United States
774,Corilla Eldrett,Human Resources,93925,Australia
775,Nelle Vandrill,Legal,23393,United Kingdom
776,Ariadne Scargill,Product Management,80150,Canada
777,Meir Lowther,Marketing,52169,United States
778,Nessie De Malchar,Marketing,32085,Canada
779,Clemmie Vaisey,Research and Development,39318,United States
780,Jared McMychem,Research and Development,66558,Canada
781,Rory Tolliday,Sales,23207,United States
782,Addi Como,Research and Development,51249,United States
783,Terry Millan,Training,29043,United States
784,Merola Costain,Sales,46687,Canada
785,Trey Casterou,Research and Development,77577,United States
786,Ulrich Heys,Accounting,82569,Canada
787,Wendell Aingel,Legal,42131,Canada
788,Bunny Shillabear,Research and Development,42283,United States
789,Alisa Gask,Sales,33378,United States
790,Renaud Reina,Sales,75307,Canada
791,Doralia Esson,Training,32376,United States
792,Serge Heggs,Sales,95779,Canada
793,Neilla Andrelli,Legal,68537,Canada
794,Heriberto Gibbetts,Research and Development,43639,Canada
795,Blinny Nasi,Product Management,46883,Canada
796,Giorgia Topes,Services,89598,United States
797,Irv Klimus,Marketing,64389,United States
798,Celestyn Drummer,Services,64756,United States
799,Tomlin Brodeur,Business Development,87860,United States
800,Ruperto Gerretsen,Product Management,14044,United States
801,Susi Oboy,Business Development,37095,United Kingdom
802,Wandie Juliff,Accounting,80676,United States
803,Peria Wilkinson,Legal,32584,United States
804,Vance Cawley,Human Resources,83214,Canada
805,Shea Breewood,Human Resources,54695,United States
806,Jeanie Head,Marketing,41976,United States
807,Bobby Soden,Sales,82173,United States
808,Doralyn Smitherham,Sales,76563,United States
809,Idelle Pasley,Engineering,27995,Canada
810,Joshuah Lathee,Accounting,64760,United States
811,Kaitlynn Kubiczek,Human Resources,71850,Canada
812,Sabine Brockington,Human Resources,54932,Canada
813,Dacie Spino,Support,60617,United States
814,Roseann Leggon,Marketing,13358,Canada
815,Inga Hatchette,Business Development,77849,Canada
816,Kearney Caveney,Human Resources,34301,United States
817,Selene Annis,Support,50144,United States
818,Rosaline Brychan,Engineering,98685,United States
819,Cathleen Devennie,Research and Development,62617,Canada
820,Hansiain Bisgrove,Legal,17823,Canada
821,Yancey Loyd,Business Development,15366,United States
822,Jeremias MacKerley,Sales,75896,Canada
823,Bella Waterman,Support,41166,Canada
824,Erda Purbrick,Training,91630,United States
825,Dane Jacobs,Sales,73883,United Kingdom
826,Diane Cecchetelli,Legal,63332,United States
827,Kym Whatley,Human Resources,63111,United States
828,Reginauld Tapper,Training,70408,United Kingdom
829,Maitilde Rodrigues,Sales,72947,United States
830,Lynea Fulford,Services,95803,United States
831,Laurie Barthrup,Sales,23757,United States
832,Towney Gerrets,Engineering,87311,United States
833,Daffie Roberts,Product Management,52891,Canada
834,Remy Frayling,Human Resources,60360,United States
835,Iggy Wesson,Legal,90484,United States
836,Guinna Crickmore,Accounting,92537,Canada
837,Brigida Vallantine,Marketing,54450,Canada
838,Robby Nana,Legal,68169,United States
839,Drucy Sterman,Product Management,11009,United States
840,Leila Wrey,Marketing,96178,Canada
841,Pavia Baldassi,Product Management,30559,United Kingdom
842,Melessa Cerro,Services,24199,United States
843,Lindsy Skillanders,Human Resources,23284,United States
844,Marcelo Stiebler,Sales,77647,United States
845,Gaylord Cornthwaite,Training,64208,United States
846,Raeann Smidmoor,Accounting,67429,United States
847,Vera Ugoletti,Research and Development,70483,Canada
848,Albina Nyssen,Accounting,11482,United States
849,Kirsti Mallebone,Training,91481,Canada
850,Jandy Melliard,Human Resources,84714,United States
851,Llywellyn Bustard,Human Resources,98154,United States
852,Neille Wilber,Training,34655,United States
853,Isabeau Aggas,Research and Development,60753,United States
854,Gareth Mewe,Sales,68988,Canada
855,Dorolisa Crosher,Accounting,74466,Canada
856,Leanna Rigbye,Training,26115,United States
857,Petr Beaushaw,Human Resources,64551,United States
858,Barbe Midner,Product Management,34035,United States
859,Byran Petegrew,Support,52558,United States
860,Maude Mallison,Sales,27393,United States
861,Omar Rycroft,Human Resources,26397,United States
862,Yancy Barrell,Sales,93961,United States
863,Leone Woolford,Product Management,13504,Canada
864,Uriah Chestnut,Accounting,73296,Canada
865,Dyna Benditt,Accounting,84108,Canada
866,Siana Lazare,Engineering,60234,United States
867,Mariejeanne Marrable,Human Resources,72314,Canada
868,Tait Scrogges,Legal,62624,United States
869,Maximilianus Matthewman,Human Resources,65621,United Kingdom
870,Valentia Mirrlees,Engineering,69345,United States
871,Valeria Thorrold,Support,97682,United States
872,Millicent Cuncliffe,Human Resources,30855,United States
873,Molly Baddiley,Services,93246,Canada
874,Elsworth Rozenzweig,Sales,74043,United States
875,Katharina Seamer,Services,98191,United States
876,Rania Smallacombe,Marketing,83499,Canada
877,Cross Milland,Business Development,83460,United States
878,Lena Mertsching,Research and Development,87133,United States
879,Jakie MacRury,Marketing,81573,United States
880,Austina Thickin,Marketing,72911,United States
881,Bethanne Ainscow,Product Management,22936,Canada
882,Karena Petraitis,Product Management,22683,United States
883,Lynnelle Scroggie,Sales,50442,United States
884,Beniamino Mignot,Sales,59518,United States
885,Erek Reaper,Engineering,21851,United States
886,Marybeth Rosengart,Training,84442,Canada
887,Kittie Jolland,Business Development,99808,United States
888,Joey Comfort,Accounting,75149,Canada
889,Harley Le Grys,Training,21327,United States
890,Rodger Cabera,Product Management,50508,United States
891,Katerine Brake,Support,71664,United States
892,Myles Bener,Business Development,59863,United States
893,Rheba Furby,Support,85362,United States
894,Clea Botcherby,Engineering,93745,United States
895,Charles Louthe,Services,61669,United States
896,Filberto Heaphy,Sales,73451,Canada
897,Delmer Bleibaum,Services,38210,United States
898,Isis Lambrechts,Engineering,37636,Canada
899,Gertruda Bernth,Sales,31591,United States
900,Kaitlyn Holburn,Business Development,27193,United States
901,Casar Fish,Services,21413,United States
902,Ki Shenton,Legal,46658,United States
903,Floyd Prangle,Research and Development,76225,United Kingdom
904,Dulcine Lohde,Accounting,52847,Canada
905,Andee Guyton,Human Resources,95435,United States
906,Melisandra McDougle,Training,94018,Canada
907,Abeu Atger,Business Development,47830,United States
908,Birk Jenik,Accounting,71338,United States
909,Alida Prinett,Support,34024,United States
910,Seumas Lemme,Services,57750,United States
911,Isa Board,Sales,81444,India
912,Mackenzie Rubinowitz,Legal,78478,United States
913,Stefano Lisett,Product Management,57530,Canada
914,Jocelin Bouldon,Engineering,55262,United States
915,Mirilla McBrearty,Human Resources,91769,Canada
916,Poppy Poulston,Research and Development,23427,United Kingdom
917,Marylin Hevey,Sales,91016,United States
918,Anna-diana Thornton-Dewhirst,Human Resources,63066,United States
919,Bren Ronci,Accounting,46004,United States
920,Olenolin McIlhagga,Marketing,31449,Canada
921,Andie Billingham,Training,15248,Canada
922,Wallie Crown,Sales,59694,Canada
923,Mela Donat,Services,55204,United States
924,Leonerd Lightman,Product Management,79791,United States
925,Kira Wisdish,Support,98761,United States
926,Lonee Crackel,Sales,51374,Canada
927,Sibeal Losemann,Business Development,84156,United States
928,Lib McLoney,Business Development,30197,Canada
929,Brigitta Crossfeld,Business Development,34183,Canada
930,Oralia Gouda,Accounting,91775,United States
931,Goldia Trippack,Product Management,71517,United Kingdom
932,Noelle Gamlyn,Human Resources,50698,United States
933,Gawain Omar,Training,60789,Canada
934,Kim Stopp,Human Resources,12808,United States
935,Archy Allott,Product Management,61088,United States
936,Kristo Dingsdale,Services,94547,United States
937,Hillard Hodgen,Training,36107,United States
938,Janek Sillito,Engineering,80472,Canada
939,Dante Garnsey,Marketing,90757,United Kingdom
940,Broderick Feckey,Accounting,75084,United States
941,Jay Pain,Legal,14487,United States
942,Isidore Kryska,Human Resources,30134,Canada
943,Flint Iamittii,Human Resources,95845,United States
944,Junette Korfmann,Training,60753,United States
945,Henrietta Sainsbury,Legal,18250,United States
946,Corie Bows,Product Management,61778,United States
947,Robbert Perott,Legal,12821,United States
948,Reggie Scarf,Research and Development,71473,Canada
949,Chrisse Pothbury,Engineering,83463,India
950,Pete Tomsett,Sales,96444,United States
951,Jo-anne Walkowski,Research and Development,13870,Canada
952,Ranique Harrald,Legal,53696,United States
953,Donella Igonet,Services,95185,Canada
954,Pru Offen,Human Resources,38304,United States
955,Ferdie Helling,Marketing,88375,United States
956,Jilly Basler,Human Resources,94777,Canada
957,Kailey Brangan,Support,20943,United States
958,Tiphani Capehorn,Services,82305,United States
959,Tandie Pavlik,Product Management,12692,United States
960,Gannon Gabe,Legal,52989,United Kingdom
961,Corny Slimon,Product Management,91403,United States
962,Bellina Wettern,Training,70602,United Kingdom
963,Emalee Blake,Legal,60668,Canada
964,Guido MacCarter,Human Resources,31431,United States
965,Bettina Lineker,Training,20719,Canada
966,Ernie Sealey,Engineering,69423,United States
967,Hugo Roman,Engineering,80320,United States
968,Nicholas Grichukhanov,Engineering,42530,United States
969,Phineas Hurrion,Sales,42635,Canada
970,Sam Stapford,Training,91875,United States
971,Sheree Bilston,Services,85253,United States
972,Spenser Readings,Product Management,32603,United States
973,Myron Bovaird,Legal,76907,United States
974,Chadwick Voak,Human Resources,92877,Canada
975,Stillman Pauli,Research and Development,74887,United States
976,Nollie Milner,Human Resources,60711,United States
977,Corenda Matveyev,Support,72468,United States
978,Melodie Capstick,Support,11173,United States
979,Rey Labusch,Accounting,10606,United States
980,Anabel McGroarty,Human Resources,73246,United States
981,Ramonda Janicek,Accounting,67406,United States
982,Chrisy Smithson,Accounting,55556,United States
983,Selig Rickards,Training,62374,United States
984,Sofie Canepe,Marketing,51005,United States
985,Bear Tudball,Support,97059,Canada
986,Addie Ulyatt,Business Development,67713,United States
987,Stevana Neem,Legal,60691,India
988,Mordy Dooler,Research and Development,62767,United States
989,Vevay Biles,Engineering,17932,United States
990,Guntar Tailby,Training,41692,United States
991,Rooney Crombleholme,Research and Development,66569,Canada
992,Gun Kybert,Sales,36002,United States
993,Wernher Daniel,Research and Development,28318,United States
994,Gabbie Huyhton,Sales,38358,United Kingdom
995,Lyndel Duthie,Research and Development,75191,United States
996,Bunnie Bedboro,Legal,50282,Canada
997,Boycie McCritchie,Research and Development,10883,United States
998,Dniren Hopkins,Services,45932,Canada
999,Jermayne Jewkes,Support,67354,Canada
1000,Barbabra Mawhinney,Sales,59924,United States
